Country Code,country,region,income_group,population_total,population_total_year,gdp_per_capita_usd,gdp_per_capita_usd_year,life_expectancy,life_expectancy_year,under5_mortality,under5_mortality_year,health_exp_pct_gdp,health_exp_pct_gdp_year,educ_exp_pct_gdp,educ_exp_pct_gdp_year,gini_index,gini_index_year,co2_per_capita,co2_per_capita_year,unemployment_pct,unemployment_pct_year
ABW,Aruba,Latin America & Caribbean,High income,107310.0,2022.0,31000.57137987322,2022.0,76.226,2022.0,,,,,3.61855755636695,2021.0,,,4.990215264187866,2022.0,,
AFG,Afghanistan,Middle East & North Africa,Low income,40578842.0,2022.0,357.2611527981439,2022.0,65.617,2022.0,56.8,2022.0,23.0881691,2022.0,4.34319019317627,2017.0,,,0.2784209564186183,2022.0,14.1,2022.0
AGO,Angola,Sub-Saharan Africa,Lower middle income,35635029.0,2022.0,3598.536690773412,2022.0,64.246,2022.0,51.9,2022.0,2.60041046,2022.0,2.38535898416633,2022.0,51.3,2018.0,0.7488109522795674,2022.0,14.124,2022.0
ALB,Albania,Europe & Central Asia,Upper middle income,2451636.0,2022.0,7756.961887442532,2022.0,78.769,2022.0,9.4,2022.0,7.53646231,2022.0,2.72977995872498,2022.0,29.4,2020.0,1.8452576157308835,2022.0,10.785,2022.0
AND,Andorra,Europe & Central Asia,High income,79705.0,2022.0,42414.05901113485,2022.0,84.016,2022.0,2.7,2022.0,7.52135801,2022.0,2.64727997779846,2022.0,,,,,,
ARE,United Arab Emirates,Middle East & North Africa,High income,10074977.0,2022.0,50759.75901902039,2022.0,80.487,2022.0,5.3,2022.0,4.56536388,2022.0,3.89404010772705,2021.0,26.4,2018.0,19.3731459635094,2022.0,2.872,2022.0
ARG,Argentina,Latin America & Caribbean,Upper middle income,45407904.0,2022.0,13962.18940872232,2022.0,75.806,2022.0,9.9,2022.0,10.15950489,2022.0,4.79263019561768,2022.0,40.7,2022.0,4.295311670849198,2022.0,6.805,2022.0
ARM,Armenia,Europe & Central Asia,Upper middle income,2969200.0,2022.0,6571.974455450988,2022.0,74.7658536585366,2022.0,10.5,2022.0,9.96211243,2022.0,2.4918999671936,2022.0,27.9,2022.0,2.61828101845615,2022.0,13.451,2022.0
ASM,American Samoa,East Asia & Pacific,High income,48342.0,2022.0,18017.45893839725,2022.0,72.752,2022.0,,,,,,,,,0.0020685945968309,2022.0,,
ATG,Antigua and Barbuda,Latin America & Caribbean,High income,92840.0,2022.0,20003.390939409896,2022.0,77.483,2022.0,9.6,2022.0,4.43146801,2022.0,2.50368755552383,2022.0,,,3.694528220594572,2022.0,,
AUS,Australia,East Asia & Pacific,High income,26018721.0,2022.0,65169.51911186567,2022.0,83.2,2022.0,3.7,2022.0,9.89226055,2022.0,5.05915021896362,2022.0,33.8,2020.0,14.530502863688032,2022.0,3.728,2022.0
AUT,Austria,Europe & Central Asia,High income,9041851.0,2022.0,52336.772522375766,2022.0,81.2951219512195,2022.0,3.3,2022.0,11.22519779,2022.0,5.27749013900757,2022.0,30.9,2022.0,6.92858132698714,2022.0,4.992,2022.0
AZE,Azerbaijan,Europe & Central Asia,Upper middle income,10141756.0,2022.0,7770.594223350996,2022.0,74.125,2022.0,19.6,2022.0,3.41549611,2022.0,3.04689002037048,2022.0,,,3.912892402459692,2022.0,5.65,2022.0
BDI,Burundi,Sub-Saharan Africa,Low income,13321097.0,2022.0,301.83225575510465,2022.0,62.882,2022.0,50.3,2022.0,8.6687746,2022.0,4.87114173892375,2021.0,37.5,2020.0,0.0698215770067585,2022.0,0.909,2022.0
BEL,Belgium,Europe & Central Asia,High income,11680210.0,2022.0,50639.02648827389,2022.0,81.7487804878049,2022.0,3.8,2022.0,10.73976326,2022.0,6.27611017227173,2022.0,26.4,2022.0,7.6776616173853025,2022.0,5.57,2022.0
BEN,Benin,Sub-Saharan Africa,Lower middle income,13759501.0,2022.0,1266.4271103190442,2022.0,60.475,2022.0,79.6,2022.0,2.98184395,2022.0,3.0972642678305,2022.0,34.4,2021.0,0.5130563964492608,2022.0,1.685,2022.0
BFA,Burkina Faso,Sub-Saharan Africa,Low income,22509038.0,2022.0,827.3308434866611,2022.0,60.7,2022.0,79.8,2022.0,7.41435528,2022.0,5.29456753304241,2022.0,37.4,2021.0,0.2882619861408559,2022.0,3.828,2022.0
BGD,Bangladesh,South Asia,Lower middle income,169384897.0,2022.0,2716.485927804312,2022.0,74.265,2022.0,30.7,2022.0,2.21544909,2022.0,2.08538657806243,2022.0,30.9,2022.0,0.713556533909868,2022.0,4.593,2022.0
BGR,Bulgaria,Europe & Central Asia,High income,6465097.0,2022.0,13999.911335845343,2022.0,74.16097560975611,2022.0,6.1,2022.0,7.63849449,2022.0,4.50109004974365,2022.0,38.2,2022.0,7.647696546548334,2022.0,4.148,2022.0
BHR,Bahrain,Middle East & North Africa,High income,1524693.0,2022.0,30470.52192760228,2022.0,80.992,2022.0,8.4,2022.0,3.89098358,2022.0,1.71192127094005,2022.0,,,25.467881075075443,2022.0,1.265,2022.0
BHS,"Bahamas, The",Latin America & Caribbean,High income,397538.0,2022.0,34957.16132797368,2022.0,74.491,2022.0,12.9,2022.0,7.04287481,2022.0,2.62367021406169,2022.0,,,3.535511070639788,2022.0,9.25,2022.0
BIH,Bosnia and Herzegovina,Europe & Central Asia,Upper middle income,3204802.0,2022.0,7655.594210243828,2022.0,76.777,2022.0,6.2,2022.0,8.71644783,2022.0,2.97012986426524,2022.0,30.3,2021.0,6.989074520048352,2022.0,12.657,2022.0
BLR,Belarus,Europe & Central Asia,Upper middle income,9228071.0,2022.0,7994.648060748886,2022.0,74.10336585365854,2022.0,2.6,2022.0,6.57784128,2022.0,4.62823009490967,2022.0,24.4,2020.0,6.057008013917534,2022.0,3.574,2022.0
BLZ,Belize,Latin America & Caribbean,Upper middle income,402733.0,2022.0,7068.217280431452,2022.0,72.19,2022.0,12.8,2022.0,4.21643019,2022.0,4.60415983200073,2022.0,39.9,2018.0,0.8802357889718497,2022.0,8.682,2022.0
BMU,Bermuda,North America,High income,64749.0,2022.0,119969.17326908524,2022.0,82.062,2022.0,,,,,1.77583338857166,2022.0,,,3.976895396067893,2022.0,,
BOL,"Bolivia, Plurinational State of",Latin America & Caribbean,Lower middle income,12077154.0,2022.0,4219.461137424454,2022.0,67.434,2022.0,17.3,2022.0,7.15933084,2022.0,7.57551002502441,2022.0,41.2,2022.0,1.936076992973676,2022.0,3.552,2022.0
BRA,Brazil,Latin America & Caribbean,Upper middle income,210306415.0,2022.0,9281.33334441234,2022.0,74.872,2022.0,14.6,2022.0,9.38739491,2022.0,5.61920976638794,2022.0,51.9,2022.0,2.2788957721522665,2022.0,9.231,2022.0
BRB,Barbados,Latin America & Caribbean,High income,282318.0,2022.0,24393.219348394363,2022.0,75.676,2022.0,10.4,2022.0,5.8744669,2022.0,4.14000988006592,2022.0,,,2.440156135988495,2022.0,7.261,2022.0
BRN,Brunei Darussalam,East Asia & Pacific,High income,455370.0,2022.0,36632.92809521554,2022.0,72.917,2022.0,10.2,2022.0,1.77042186,2022.0,,,,,20.943628258339373,2022.0,5.191,2022.0
BTN,Bhutan,South Asia,Lower middle income,780914.0,2022.0,3711.327679815909,2022.0,72.754,2022.0,19.0,2022.0,3.91757464,2022.0,7.46981980280053,2022.0,28.5,2022.0,1.942851581608218,2022.0,5.947,2022.0
BWA,Botswana,Sub-Saharan Africa,Upper middle income,2439892.0,2022.0,8328.7090572666,2022.0,68.749,2022.0,35.7,2022.0,5.73650789,2022.0,8.05833660991541,2020.0,,,2.802460108890066,2022.0,23.615,2022.0
CAF,Central African Republic,Sub-Saharan Africa,Low income,5098039.0,2022.0,467.3598250262384,2022.0,18.818,2022.0,424.6,2022.0,9.94993496,2022.0,2.11509129476365,2022.0,43.0,2021.0,0.0632596180609838,2022.0,6.287,2022.0
CAN,Canada,North America,High income,38950132.0,2022.0,56496.92753406634,2022.0,81.0948780487805,2022.0,5.3,2022.0,11.08119678,2022.0,4.84426021575928,2022.0,31.5,2022.0,14.78390881961581,2022.0,5.279,2022.0
CHE,Switzerland,Europe & Central Asia,High income,8777088.0,2022.0,97809.09556720297,2022.0,83.60487804878049,2022.0,3.9,2022.0,11.59911823,2022.0,4.86427021026611,2022.0,33.8,2022.0,3.9284669357308486,2022.0,4.122,2022.0
CHI,Channel Islands,Europe & Central Asia,High income,167215.0,2022.0,67627.1417347907,2022.0,81.0,2022.0,,,,,,,,,,,5.923,2022.0
CHL,Chile,Latin America & Caribbean,High income,19553036.0,2022.0,15399.104471755862,2022.0,79.176,2022.0,6.8,2022.0,10.0053072,2022.0,4.91201019287109,2022.0,43.2,2022.0,4.62474983424569,2022.0,8.249,2022.0
CHN,China,East Asia & Pacific,Upper middle income,1412175000.0,2022.0,12970.605641432652,2022.0,78.202,2022.0,6.6,2022.0,5.88078785,2022.0,,,36.0,2022.0,8.864825110202348,2022.0,4.98,2022.0
CIV,Côte d'Ivoire,Sub-Saharan Africa,Lower middle income,30395002.0,2022.0,2333.3712830125887,2022.0,61.562,2022.0,68.7,2022.0,3.63847613,2022.0,3.47484993934631,2022.0,35.3,2021.0,0.6057015558018388,2022.0,2.31,2022.0
CMR,Cameroon,Sub-Saharan Africa,Lower middle income,27632771.0,2022.0,1604.8772695489472,2022.0,62.443,2022.0,69.4,2022.0,4.49439144,2022.0,2.65952378267367,2022.0,42.2,2021.0,0.3775915198660315,2022.0,3.646,2022.0
COD,"Congo, Democratic Republic of",Sub-Saharan Africa,Low income,102396968.0,2022.0,687.7385875546851,2022.0,60.979,2022.0,92.5,2022.0,3.9417696,2022.0,2.84466514463005,2022.0,44.7,2020.0,0.061012548730935,2022.0,4.54,2022.0
COG,"Congo, Republic of",Sub-Saharan Africa,Lower middle income,6035104.0,2022.0,2620.8380426740187,2022.0,65.0,2022.0,41.5,2022.0,2.30011368,2022.0,2.72738253259215,2022.0,,,1.3849305662338214,2022.0,20.131,2022.0
COL,Colombia,Latin America & Caribbean,Upper middle income,51737944.0,2022.0,6680.445068544809,2022.0,76.508,2022.0,12.3,2022.0,7.59037256,2022.0,5.26166009902954,2020.0,54.8,2022.0,1.7075398280225438,2022.0,10.541,2022.0
COM,Comoros,Sub-Saharan Africa,Lower middle income,834188.0,2022.0,1533.8775539361363,2022.0,66.481,2022.0,41.4,2022.0,8.47119522,2022.0,2.43164424110924,2022.0,34.2,2020.0,0.5152315784930975,2022.0,3.879,2022.0
CPV,Cabo Verde,Sub-Saharan Africa,Upper middle income,519741.0,2022.0,4323.313620327087,2022.0,75.907,2022.0,12.1,2022.0,6.70243406,2022.0,4.7252554800722,2022.0,,,1.3085363671521009,2022.0,12.239,2022.0
CRI,Costa Rica,Latin America & Caribbean,High income,5081765.0,2022.0,13971.764999129402,2022.0,79.316,2022.0,9.9,2022.0,7.18368196,2022.0,5.5472297668457,2022.0,47.2,2022.0,1.6131599946081725,2022.0,11.325,2022.0
CUB,Cuba,Latin America & Caribbean,Upper middle income,11059820.0,2022.0,9605.27914559614,2020.0,77.629,2022.0,7.8,2022.0,11.78773499,2022.0,8.44086351669284,2022.0,,,1.7869820666159124,2022.0,1.829,2022.0
CUW,Curaçao,Latin America & Caribbean,High income,153321.0,2022.0,20057.140496010503,2022.0,76.729,2022.0,,,,,6.08167033605813,2022.0,,,,,,
CYM,Cayman Islands,Latin America & Caribbean,High income,71591.0,2022.0,92937.88383231532,2022.0,79.984,2022.0,,,,,1.48894000053406,2022.0,,,5.003422217876549,2022.0,,
CYP,Cyprus,Europe & Central Asia,High income,1331370.0,2022.0,33231.05078125,2022.0,80.434,2022.0,4.1,2022.0,8.27201366,2022.0,4.74210977554321,2022.0,31.5,2022.0,5.425313774533,2022.0,6.806,2022.0
CZE,Czechia,Europe & Central Asia,High income,10672118.0,2022.0,28282.22367158567,2022.0,78.92926829268293,2022.0,2.7,2022.0,8.47063065,2022.0,4.30291986465454,2022.0,25.9,2022.0,9.153646914323849,2022.0,2.224,2022.0
DEU,Germany,Europe & Central Asia,High income,83177813.0,2022.0,50506.51796385433,2022.0,80.6080487804878,2022.0,3.7,2022.0,12.44708347,2022.0,5.23916006088257,2022.0,33.7,2022.0,7.911828602658739,2022.0,3.137,2022.0
DJI,Djibouti,Middle East & North Africa,Lower middle income,1137096.0,2022.0,3133.2577977246297,2022.0,65.54,2022.0,52.1,2022.0,2.52554536,2022.0,3.75143003463745,2018.0,41.6,2017.0,0.762292717589368,2022.0,26.272,2022.0
DMA,Dominica,Latin America & Caribbean,Upper middle income,66826.0,2022.0,9323.66089490562,2022.0,71.081,2022.0,35.0,2022.0,5.97262001,2022.0,6.04314243406571,2022.0,,,1.2150959207494088,2022.0,,
DNK,Denmark,Europe & Central Asia,High income,5903037.0,2022.0,67781.0940939514,2022.0,81.3048780487805,2022.0,3.8,2022.0,9.47411346,2022.0,6.35586023330688,2022.0,29.3,2022.0,4.827040724969198,2022.0,4.434,2022.0
DOM,Dominican Republic,Latin America & Caribbean,Upper middle income,11230734.0,2022.0,10104.246400858476,2022.0,74.211,2022.0,32.3,2022.0,4.64506817,2022.0,3.61088872070271,2022.0,37.0,2022.0,2.85936787390744,2022.0,5.504,2022.0
DZA,Algeria,Middle East & North Africa,Upper middle income,45477389.0,2022.0,4960.303343328876,2022.0,76.129,2022.0,22.3,2022.0,3.63464284,2022.0,4.74924673000603,2022.0,,,4.160058529305629,2022.0,12.382,2022.0
ECU,Ecuador,Latin America & Caribbean,Upper middle income,17823897.0,2022.0,6515.585284183364,2022.0,76.577,2022.0,13.2,2022.0,7.60183907,2022.0,3.61301994323731,2022.0,45.5,2022.0,2.4780944369236426,2022.0,3.713,2022.0
EGY,"Egypt, Arab Republic of",Middle East & North Africa,Lower middle income,112618250.0,2022.0,4233.307837448563,2022.0,71.01,2022.0,23.5,2022.0,4.72362804,2022.0,,,28.5,2021.0,2.299748042612987,2022.0,6.546,2022.0
ERI,Eritrea,Sub-Saharan Africa,Low income,3409447.0,2022.0,,,67.789,2022.0,36.6,2022.0,3.87537837,2022.0,,,,,0.2199476923970368,2022.0,6.033,2022.0
ESP,Spain,Europe & Central Asia,High income,47786102.0,2022.0,30319.498719661635,2022.0,83.13414634146342,2022.0,3.2,2022.0,9.6799593,2022.0,4.58553981781006,2022.0,33.6,2022.0,4.994221960184156,2022.0,13.033,2022.0
EST,Estonia,Europe & Central Asia,High income,1348840.0,2022.0,28340.382654940564,2022.0,77.84390243902439,2022.0,2.2,2022.0,6.93641424,2022.0,5.20733976364136,2022.0,32.3,2022.0,11.13415972242816,2022.0,5.571,2022.0
ETH,Ethiopia,Sub-Saharan Africa,Low income,125384287.0,2022.0,982.1031615021984,2022.0,66.897,2022.0,68.1,2022.0,2.85298109,2022.0,3.73649512188829,2022.0,31.1,2021.0,0.1462296467818172,2022.0,3.386,2022.0
FIN,Finland,Europe & Central Asia,High income,5556106.0,2022.0,50440.56022497404,2022.0,81.1878048780488,2022.0,2.4,2022.0,9.74152565,2022.0,6.37578010559082,2022.0,27.9,2022.0,6.681621984893737,2022.0,6.719,2022.0
FJI,Fiji,East Asia & Pacific,Upper middle income,919422.0,2022.0,5414.120921190881,2022.0,67.148,2022.0,28.9,2022.0,4.01752949,2022.0,3.93839539074194,2022.0,30.7,2019.0,1.5600018272349367,2022.0,5.403,2022.0
FRA,France,Europe & Central Asia,High income,68184457.0,2022.0,40988.63964065794,2022.0,82.12926829268294,2022.0,4.3,2022.0,11.82888794,2022.0,5.32434988021851,2022.0,31.2,2022.0,4.512468288777309,2022.0,7.303,2022.0
FRO,Faroe Islands,Europe & Central Asia,High income,53903.0,2022.0,67069.3987440509,2022.0,82.8162292682927,2022.0,,,,,,,,,0.0389588705637905,2022.0,,
FSM,"Micronesia, Federated States of",East Asia & Pacific,Upper middle income,112114.0,2022.0,3703.6668034322206,2022.0,66.961,2022.0,23.9,2022.0,12.62718964,2022.0,11.5591397849462,2020.0,,,0.0017838985318515,2022.0,,
GAB,Gabon,Sub-Saharan Africa,Upper middle income,2430747.0,2022.0,8409.207414522787,2022.0,67.713,2022.0,34.7,2022.0,2.89087176,2022.0,2.20773650357931,2022.0,38.0,2017.0,2.296948222089753,2022.0,20.319,2022.0
GBR,United Kingdom,Europe & Central Asia,High income,67636000.0,2022.0,47034.77956214759,2022.0,81.01121951219511,2022.0,4.5,2022.0,11.09679794,2022.0,5.90681982040405,2021.0,32.4,2021.0,4.805057957300845,2022.0,3.768,2022.0
GEO,Georgia,Europe & Central Asia,Upper middle income,3712502.0,2022.0,6729.846599302833,2022.0,74.141,2022.0,9.0,2022.0,8.29634285,2022.0,3.75498008728027,2022.0,33.5,2022.0,3.626395352783648,2022.0,11.621,2022.0
GHA,Ghana,Sub-Saharan Africa,Lower middle income,33149152.0,2022.0,2229.891226544792,2022.0,65.246,2022.0,38.6,2022.0,3.67459154,2022.0,2.90963831638452,2022.0,,,0.7175990504975814,2022.0,2.87,2022.0
GIB,Gibraltar,Europe & Central Asia,High income,37609.0,2022.0,,,83.517,2022.0,,,,,,,,,16.90286899412375,2022.0,,
GIN,Guinea,Sub-Saharan Africa,Lower middle income,14055137.0,2022.0,1416.5961201176417,2022.0,60.432,2022.0,97.6,2022.0,3.83292699,2022.0,2.00722302981184,2022.0,29.6,2018.0,0.3714513775283727,2022.0,5.174,2022.0
GMB,"Gambia, The",Sub-Saharan Africa,Low income,2636470.0,2022.0,836.2448758684757,2022.0,64.859,2022.0,45.3,2022.0,3.53697729,2022.0,2.89168744551701,2022.0,38.8,2020.0,0.1877131164018555,2022.0,6.067,2022.0
GNB,Guinea-Bissau,Sub-Saharan Africa,Low income,2105529.0,2022.0,881.6026541622313,2022.0,63.605,2022.0,72.0,2022.0,8.33752728,2022.0,,,33.4,2021.0,0.1633318752674506,2022.0,2.666,2022.0
GNQ,Equatorial Guinea,Sub-Saharan Africa,Upper middle income,1803545.0,2022.0,7589.299649093814,2022.0,63.355,2022.0,72.8,2022.0,2.83726358,2022.0,,,38.5,2022.0,2.8215542168340684,2022.0,8.334,2022.0
GRC,Greece,Europe & Central Asia,High income,10437805.0,2022.0,20884.677343626325,2022.0,80.78780487804879,2022.0,4.0,2022.0,8.44938278,2022.0,3.37547993659973,2022.0,33.4,2022.0,5.280458870423427,2022.0,12.426,2022.0
GRD,Grenada,Latin America & Caribbean,Upper middle income,116913.0,2022.0,10469.386701285634,2022.0,75.151,2022.0,18.5,2022.0,4.99701262,2022.0,4.03767284869161,2022.0,43.8,2018.0,1.4489406652810208,2022.0,,
GRL,Greenland,Europe & Central Asia,High income,56661.0,2022.0,55635.00064912226,2022.0,71.23024390243903,2022.0,,,,,,,,,10.41986551596336,2022.0,,
GTM,Guatemala,Latin America & Caribbean,Upper middle income,17847877.0,2022.0,5356.924358878955,2022.0,71.206,2022.0,21.9,2022.0,7.1678791,2022.0,3.20787000656128,2022.0,,,1.0618517821475348,2022.0,3.051,2022.0
GUM,Guam,East Asia & Pacific,High income,165180.0,2022.0,41833.15171328248,2022.0,77.102,2022.0,,,,,,,,,0.0018162005085361,2022.0,5.383,2022.0
GUY,Guyana,Latin America & Caribbean,High income,821637.0,2022.0,17913.492806687907,2022.0,69.888,2022.0,26.9,2022.0,2.52456355,2022.0,4.45058012008667,2018.0,,,4.483731866992359,2022.0,11.907,2022.0
HKG,"Hong Kong SAR, China",East Asia & Pacific,High income,7346100.0,2022.0,48825.02722758052,2022.0,83.66097560975611,2022.0,,,,,3.72866988182068,2022.0,,,4.374048815017492,2022.0,4.318,2022.0
HND,Honduras,Latin America & Caribbean,Lower middle income,10463872.0,2022.0,3003.289968263993,2022.0,72.715,2022.0,16.0,2022.0,8.15452766,2022.0,4.48280030802056,2022.0,48.2,2019.0,1.010209222742786,2022.0,8.774,2022.0
HRV,Croatia,Europe & Central Asia,High income,3855641.0,2022.0,18465.531473659,2022.0,77.57560975609756,2022.0,4.6,2022.0,7.29636335,2022.0,4.0916600227356,2021.0,30.0,2022.0,4.573714202126183,2022.0,6.811,2022.0
HTI,Haiti,Latin America & Caribbean,Lower middle income,11503606.0,2022.0,1748.4089011680308,2022.0,63.948,2022.0,56.2,2022.0,3.20755076,2022.0,1.02689812206798,2022.0,,,0.2946293536131192,2022.0,14.54,2022.0
HUN,Hungary,Europe & Central Asia,High income,9605074.0,2022.0,18428.02882561399,2022.0,75.86829268292684,2022.0,3.9,2022.0,6.6474123,2022.0,3.8011999130249,2022.0,30.6,2017.0,4.952934251209309,2022.0,3.583,2022.0
IDN,Indonesia,East Asia & Pacific,Upper middle income,278830529.0,2022.0,4730.834848361069,2022.0,70.925,2022.0,19.1,2022.0,2.69389749,2022.0,0.863943349575907,2022.0,35.5,2022.0,2.591895523750199,2022.0,3.462,2022.0
IMN,Isle of Man,Europe & Central Asia,High income,84132.0,2022.0,88328.54812588703,2022.0,80.956,2022.0,,,,,,,,,,,,
IND,India,South Asia,Lower middle income,1425423212.0,2022.0,2279.981457193691,2022.0,71.698,2022.0,29.5,2022.0,3.39623499,2022.0,4.09865814174589,2022.0,25.5,2022.0,1.969296189628768,2022.0,4.822,2022.0
IRL,Ireland,Europe & Central Asia,High income,5212836.0,2022.0,105190.68595273084,2022.0,82.50975609756098,2022.0,3.7,2022.0,6.02078247,2022.0,2.90461993217468,2021.0,29.9,2022.0,6.845812912587314,2022.0,4.465,2022.0
IRN,"Iran, Islamic Republic of",Middle East & North Africa,Upper middle income,89524246.0,2022.0,4721.2043709998425,2022.0,76.799,2022.0,12.1,2022.0,5.62794113,2022.0,2.6699800491333,2022.0,34.8,2022.0,8.847423300275548,2022.0,9.085,2022.0
IRQ,Iraq,Middle East & North Africa,Upper middle income,44070551.0,2022.0,6520.73154560584,2022.0,72.037,2022.0,23.3,2022.0,4.33226347,2022.0,,,,,5.043694597782542,2022.0,15.41,2022.0
ISL,Iceland,Europe & Central Asia,High income,382003.0,2022.0,76376.95993349151,2022.0,82.11951219512197,2022.0,2.9,2022.0,9.08145332,2022.0,7.30798006057739,2022.0,26.8,2019.0,8.480038114883914,2022.0,3.789,2022.0
ISR,Israel,Middle East & North Africa,High income,9557500.0,2022.0,54947.20912507148,2022.0,82.70000000000002,2022.0,3.4,2022.0,7.12004995,2022.0,5.93291997909546,2022.0,38.3,2022.0,6.65826837562124,2022.0,3.695,2022.0
ITA,Italy,Europe & Central Asia,High income,59013667.0,2022.0,35653.9042103495,2022.0,82.70000000000002,2022.0,2.8,2022.0,8.85022926,2022.0,4.06775999069214,2022.0,33.7,2022.0,5.608971901373287,2022.0,8.069,2022.0
JAM,Jamaica,Latin America & Caribbean,Upper middle income,2839144.0,2022.0,6626.475023885385,2022.0,71.481,2022.0,18.4,2022.0,8.65338707,2022.0,5.35435009002685,2022.0,39.9,2021.0,2.6469597878797275,2022.0,4.083,2022.0
JOR,Jordan,Middle East & North Africa,Upper middle income,11256263.0,2022.0,4754.41362207378,2022.0,77.088,2022.0,13.7,2022.0,7.73623276,2022.0,3.15300011634827,2022.0,,,2.0733346404574946,2022.0,18.2,2022.0
JPN,Japan,East Asia & Pacific,High income,125124989.0,2022.0,35548.2645222433,2022.0,83.99634146341464,2022.0,2.4,2022.0,12.32275677,2022.0,3.33663988113403,2021.0,32.3,2020.0,8.395630708107396,2022.0,2.614,2022.0
KAZ,Kazakhstan,Europe & Central Asia,Upper middle income,20034609.0,2022.0,11255.339643788113,2022.0,73.503,2022.0,9.8,2022.0,3.74577999,2022.0,4.36185360851405,2022.0,29.2,2021.0,12.305086662784388,2022.0,4.86,2022.0
KEN,Kenya,Sub-Saharan Africa,Lower middle income,54252461.0,2022.0,2109.562885131375,2022.0,63.549,2022.0,40.5,2022.0,4.32241869,2022.0,4.51101801829815,2022.0,38.5,2022.0,0.4050065120548172,2022.0,5.565,2022.0
KGZ,Kyrgyz Republic,Europe & Central Asia,Lower middle income,6975220.0,2022.0,1739.720183441745,2022.0,72.04878048780488,2022.0,17.3,2022.0,5.04874945,2022.0,7.16884382244099,2022.0,26.4,2022.0,1.5054865652982987,2022.0,4.767,2022.0
KHM,Cambodia,East Asia & Pacific,Lower middle income,17201724.0,2022.0,2325.030500408412,2022.0,70.528,2022.0,19.9,2022.0,4.46856117,2022.0,1.95793279576416,2022.0,,,1.0687824080888635,2022.0,0.245,2022.0
KIR,Kiribati,East Asia & Pacific,Lower middle income,130469.0,2022.0,2078.764875185501,2022.0,66.269,2022.0,55.9,2022.0,10.52553844,2022.0,14.7860312820513,2022.0,27.8,2019.0,0.580980922671286,2022.0,,
KNA,St. Kitts and Nevis,Latin America & Caribbean,High income,46709.0,2022.0,21011.5744209816,2022.0,70.313,2022.0,16.8,2022.0,5.52634287,2022.0,3.5579615526858,2022.0,,,2.78533045023443,2022.0,,
KOR,Korea,East Asia & Pacific,High income,51672569.0,2022.0,34822.40484049711,2022.0,82.68048780487806,2022.0,2.9,2022.0,8.8595314,2022.0,5.40910005569458,2022.0,32.9,2021.0,11.87374097850641,2022.0,2.857,2022.0
KWT,Kuwait,Middle East & North Africa,High income,4589643.0,2022.0,39981.76910358333,2022.0,80.58780487804879,2022.0,8.6,2022.0,4.20024538,2022.0,6.58236499988891,2022.0,,,22.35855817108215,2022.0,2.133,2022.0
LAO,Lao PDR,East Asia & Pacific,Lower middle income,7559007.0,2022.0,2046.4044025562048,2022.0,68.715,2022.0,31.8,2022.0,2.01825476,2022.0,1.46083440434069,2022.0,38.8,2018.0,3.1791874250149528,2022.0,1.209,2022.0
LBN,Lebanon,Middle East & North Africa,Lower middle income,5744489.0,2022.0,3654.358455348785,2022.0,78.003,2022.0,16.3,2022.0,4.91255951,2022.0,1.33151427628711,2022.0,35.5,2022.0,1.8165236281242767,2022.0,11.105,2022.0
LBR,Liberia,Sub-Saharan Africa,Low income,5373294.0,2022.0,744.617175237387,2022.0,61.934,2022.0,87.8,2022.0,13.58819675,2022.0,2.2760960068702,2022.0,,,0.1616513073730937,2022.0,2.956,2022.0
LBY,Libya,Middle East & North Africa,Upper middle income,7223805.0,2022.0,5986.636948512581,2022.0,74.462,2022.0,10.4,2022.0,4.74433613,2022.0,,,,,8.053013612632123,2022.0,19.238,2022.0
LCA,St. Lucia,Latin America & Caribbean,Upper middle income,178781.0,2022.0,12976.148969347352,2022.0,72.67,2022.0,17.7,2022.0,4.74750614,2022.0,4.64235019683838,2022.0,,,1.656216264591875,2022.0,15.934,2022.0
LIE,Liechtenstein,Europe & Central Asia,High income,39493.0,2022.0,188055.003235348,2022.0,84.1219512195122,2022.0,,,5.64409113,2022.0,,,,,,,,
LKA,Sri Lanka,South Asia,Upper middle income,22181000.0,2022.0,3342.6365043804626,2022.0,77.3,2022.0,6.3,2022.0,3.98300457,2022.0,1.20397218661186,2022.0,37.7,2019.0,0.937608764257698,2022.0,4.528,2022.0
LSO,Lesotho,Sub-Saharan Africa,Lower middle income,2286110.0,2022.0,1030.1258294775712,2022.0,56.812,2022.0,62.0,2022.0,12.89569187,2022.0,7.28360986709595,2018.0,44.9,2017.0,0.4291569522026499,2022.0,16.623,2022.0
LTU,Lithuania,Europe & Central Asia,High income,2831639.0,2022.0,24946.57240051877,2022.0,75.64390243902439,2022.0,3.5,2022.0,7.24367952,2022.0,4.25285005569458,2022.0,36.6,2022.0,4.651122547754145,2022.0,5.955,2022.0
LUX,Luxembourg,Europe & Central Asia,High income,653103.0,2022.0,123719.6589159963,2022.0,82.94634146341465,2022.0,2.3,2022.0,5.60926914,2022.0,3.74451994895935,2022.0,34.1,2022.0,11.124891479598164,2022.0,4.588,2022.0
LVA,Latvia,Europe & Central Asia,High income,1879383.0,2022.0,20221.103686109032,2022.0,74.27804878048782,2022.0,3.0,2022.0,8.1044302,2022.0,4.3196702003479,2022.0,33.7,2022.0,3.685677693157808,2022.0,6.815,2022.0
MAC,"Macao SAR, China",East Asia & Pacific,High income,677300.0,2022.0,36806.891255460985,2022.0,83.08048780487806,2022.0,,,,,6.05706977844238,2022.0,,,2.478222353462277,2022.0,2.446,2022.0
MAF,St. Martin (French part),Latin America & Caribbean,High income,28870.0,2022.0,21668.377652532254,2021.0,80.236,2022.0,,,,,,,,,,,,
MAR,Morocco,Middle East & North Africa,Lower middle income,37329064.0,2022.0,3463.1376953125,2022.0,75.161,2022.0,17.0,2022.0,5.75281,2022.0,5.91224674061277,2022.0,,,1.9375144257568309,2022.0,9.413,2022.0
MCO,Monaco,Europe & Central Asia,High income,38931.0,2022.0,226052.06066464883,2022.0,85.746,2022.0,2.8,2022.0,3.39488029,2022.0,1.17105996608734,2022.0,,,,,,
MDA,Moldova,Europe & Central Asia,Upper middle income,2528654.0,2022.0,5744.296184344349,2022.0,71.546,2022.0,16.0,2022.0,6.96505404,2022.0,6.10430002212524,2022.0,25.9,2022.0,3.277712174144822,2022.0,0.909,2022.0
MDG,Madagascar,Sub-Saharan Africa,Low income,30437261.0,2022.0,504.0591069691683,2022.0,63.068,2022.0,64.5,2022.0,3.14948058,2022.0,3.06772823003204,2022.0,36.8,2021.0,0.1440339851867748,2022.0,3.186,2022.0
MDV,Maldives,South Asia,Upper middle income,524106.0,2022.0,11786.019149298254,2022.0,80.76,2022.0,6.0,2022.0,7.4997015,2022.0,4.67344315449896,2022.0,29.3,2019.0,3.414385639546199,2022.0,4.303,2022.0
MEX,Mexico,Latin America & Caribbean,Upper middle income,128613117.0,2022.0,11405.794046989628,2022.0,73.973,2022.0,13.8,2022.0,5.70919704,2022.0,4.05987977981567,2022.0,43.5,2022.0,3.5218382896357303,2022.0,3.256,2022.0
MHL,Marshall Islands,East Asia & Pacific,Upper middle income,40077.0,2022.0,6455.660353818898,2022.0,66.725,2022.0,28.5,2022.0,13.60796833,2022.0,7.70088005065918,2022.0,35.5,2019.0,0.0024951967462634,2022.0,,
MKD,North Macedonia,Europe & Central Asia,Upper middle income,1831712.0,2022.0,7606.237525379702,2022.0,74.4248780487805,2022.0,4.2,2022.0,7.42164755,2022.0,,,33.5,2019.0,4.478979228175609,2022.0,14.476,2022.0
MLI,Mali,Sub-Saharan Africa,Low income,23072640.0,2022.0,976.914116406452,2022.0,60.035,2022.0,79.7,2022.0,3.72170115,2022.0,4.04512227529275,2022.0,35.7,2021.0,0.3247482732795207,2022.0,2.387,2022.0
MLT,Malta,Middle East & North Africa,High income,531113.0,2022.0,35658.831825019886,2022.0,82.29756097560977,2022.0,5.6,2022.0,9.09105396,2022.0,4.71258020401001,2022.0,34.6,2022.0,3.382142783174202,2022.0,3.471,2022.0
MMR,Myanmar,East Asia & Pacific,Lower middle income,53756787.0,2022.0,1158.0500503433166,2022.0,66.506,2022.0,39.5,2022.0,4.49158478,2022.0,1.99976003170013,2019.0,30.7,2017.0,0.5772480412566324,2022.0,3.063,2022.0
MNE,Montenegro,Europe & Central Asia,Upper middle income,623591.0,2022.0,10038.18494825166,2022.0,76.1878048780488,2022.0,2.6,2022.0,10.19081783,2022.0,,,34.3,2021.0,,,14.851,2022.0
MNG,Mongolia,East Asia & Pacific,Upper middle income,3433748.0,2022.0,4993.514874634954,2022.0,71.90073170731708,2022.0,13.9,2022.0,8.85170174,2022.0,4.06898021697998,2017.0,31.4,2022.0,7.267656217054951,2022.0,5.954,2022.0
MNP,Northern Mariana Islands,East Asia & Pacific,High income,46078.0,2022.0,23785.75459004297,2022.0,78.531,2022.0,,,,,,,,,0.0021702330830331,2022.0,,
MOZ,Mozambique,Sub-Saharan Africa,Low income,32656246.0,2022.0,578.2732221845027,2022.0,63.011,2022.0,63.9,2022.0,8.24868107,2022.0,5.97607342054314,2022.0,49.6,2022.0,0.3336942035529742,2022.0,6.789,2022.0
MRT,Mauritania,Sub-Saharan Africa,Lower middle income,4875637.0,2022.0,1961.2816664886943,2022.0,68.281,2022.0,39.4,2022.0,4.66962671,2022.0,1.38966000080109,2022.0,32.0,2019.0,1.0309011930133436,2022.0,10.52,2022.0
MUS,Mauritius,Sub-Saharan Africa,Upper middle income,1262523.0,2022.0,10246.501745555295,2022.0,73.51463414634146,2022.0,15.5,2022.0,5.84209728,2022.0,4.84085988998413,2022.0,36.8,2017.0,3.2077831453367587,2022.0,6.322,2022.0
MWI,Malawi,Sub-Saharan Africa,Low income,20568728.0,2022.0,604.2697403603173,2022.0,66.037,2022.0,50.1,2022.0,6.62527609,2022.0,2.74888371105811,2022.0,38.5,2019.0,0.2723697838777391,2022.0,5.02,2022.0
MYS,Malaysia,East Asia & Pacific,Upper middle income,34695493.0,2022.0,11754.567833624773,2022.0,75.444,2022.0,8.2,2022.0,3.90037823,2022.0,3.49933781956284,2022.0,40.7,2021.0,7.983299156463925,2022.0,3.93,2022.0
NAM,Namibia,Sub-Saharan Africa,Lower middle income,2889662.0,2022.0,4349.799084933142,2022.0,64.19,2022.0,41.6,2022.0,9.6219883,2022.0,9.3919470845238,2022.0,,,1.2388646146158269,2022.0,19.615,2022.0
NCL,New Caledonia,East Asia & Pacific,High income,287123.0,2022.0,33516.36308590602,2022.0,77.698,2022.0,,,,,,,,,16.07568881629128,2022.0,10.71,2022.0
NER,Niger,Sub-Saharan Africa,Low income,25311973.0,2022.0,613.6147364292975,2022.0,60.398,2022.0,116.0,2022.0,4.34980488,2022.0,3.71231832079626,2022.0,32.9,2021.0,0.1271256096867676,2022.0,0.403,2022.0
NGA,Nigeria,Sub-Saharan Africa,Lower middle income,223150896.0,2022.0,2899.160474692671,2022.0,54.079,2022.0,117.5,2022.0,4.21020174,2022.0,0.348516707890877,2022.0,33.9,2022.0,0.5782710368324041,2022.0,3.827,2022.0
NIC,Nicaragua,Latin America & Caribbean,Lower middle income,6730654.0,2022.0,2322.890696194592,2022.0,74.463,2022.0,14.3,2022.0,8.97882748,2022.0,3.80001496174069,2022.0,,,0.7816773823167852,2022.0,4.969,2022.0
NLD,Netherlands,Europe & Central Asia,High income,17700982.0,2022.0,59123.31855648699,2022.0,81.61463414634147,2022.0,4.0,2022.0,10.03109169,2022.0,5.17918014526367,2022.0,25.7,2021.0,7.520147752254649,2022.0,3.526,2022.0
NOR,Norway,Europe & Central Asia,High income,5457127.0,2022.0,113122.13076569149,2022.0,82.50975609756098,2022.0,2.4,2022.0,7.90873051,2022.0,5.43234014511108,2022.0,26.9,2022.0,7.979858266080303,2022.0,3.231,2022.0
NPL,Nepal,South Asia,Lower middle income,29715436.0,2022.0,1385.9106600292205,2022.0,70.087,2022.0,27.1,2022.0,6.52950287,2022.0,4.13645081690396,2022.0,30.0,2022.0,0.506315976652673,2022.0,10.661,2022.0
NRU,Naoero,East Asia & Pacific,High income,11801.0,2022.0,15309.834535192367,2022.0,61.93,2022.0,9.3,2022.0,18.34229279,2022.0,5.91827971698113,2022.0,,,0.0,2022.0,,
NZL,New Zealand,East Asia & Pacific,High income,5081700.0,2022.0,49141.63162942272,2022.0,81.95853658536585,2022.0,5.0,2022.0,10.56814575,2022.0,5.16741991043091,2022.0,,,6.321624653167247,2022.0,3.299,2022.0
OMN,Oman,Middle East & North Africa,High income,4730226.0,2022.0,23223.582940593456,2022.0,77.911,2022.0,10.5,2022.0,3.06614041,2022.0,4.38311004638672,2022.0,,,19.6830764534295,2022.0,3.3,2022.0
PAK,Pakistan,Middle East & North Africa,Lower middle income,243700667.0,2022.0,1538.3228133170996,2022.0,67.417,2022.0,59.7,2022.0,2.90354776,2022.0,1.97300945756988,2022.0,29.6,2018.0,0.9658262445379356,2022.0,5.291,2022.0
PAN,Panama,Latin America & Caribbean,High income,4400773.0,2022.0,17378.607008359668,2022.0,79.324,2022.0,15.1,2022.0,9.04578876,2022.0,3.37781000137329,2022.0,50.9,2021.0,2.600247729205756,2022.0,8.086,2022.0
PER,Peru,Latin America & Caribbean,Upper middle income,33475438.0,2022.0,7353.745987216674,2022.0,76.834,2022.0,13.7,2022.0,6.0974617,2022.0,3.83975005149841,2022.0,40.3,2022.0,1.9040826291802369,2022.0,4.291,2022.0
PHL,Philippines,East Asia & Pacific,Upper middle income,113964338.0,2022.0,3548.069305721156,2022.0,69.472,2022.0,27.5,2022.0,5.15588379,2022.0,3.57960089528426,2022.0,40.7,2021.0,1.3311216707107094,2022.0,2.598,2022.0
PLW,Palau,East Asia & Pacific,High income,17759.0,2022.0,13934.951996170956,2022.0,68.922,2022.0,22.4,2022.0,14.87842083,2022.0,3.57620133415525,2022.0,,,78.7262796328622,2022.0,,
PNG,Papua New Guinea,East Asia & Pacific,Lower middle income,10203169.0,2022.0,3102.2940973000505,2022.0,65.274,2022.0,41.9,2022.0,2.61463141,2022.0,0.643376920751815,2022.0,,,0.5419394699823162,2022.0,2.689,2022.0
POL,Poland,Europe & Central Asia,High income,36821749.0,2022.0,18891.21211692785,2022.0,77.15609756097562,2022.0,4.3,2022.0,6.46619797,2022.0,4.31372976303101,2022.0,28.9,2022.0,8.363578818594412,2022.0,2.811,2022.0
PRI,Puerto Rico (US),Latin America & Caribbean,High income,3220148.0,2022.0,35353.56138910385,2022.0,79.427,2022.0,,,,,3.86129930773508,2022.0,,,4.322099481141861,2022.0,6.0,2022.0
PRK,"Korea, Democratic People’s Republic of",East Asia & Pacific,Low income,26328845.0,2022.0,,,73.641,2022.0,17.7,2022.0,,,,,,,2.271409930819221,2022.0,3.457,2022.0
PRT,Portugal,Europe & Central Asia,High income,10434332.0,2022.0,24620.51975871808,2022.0,81.6317073170732,2022.0,3.3,2022.0,10.5492239,2022.0,4.55160999298096,2022.0,36.3,2022.0,3.8017191709061966,2022.0,6.138,2022.0
PRY,Paraguay,Latin America & Caribbean,Upper middle income,6760464.0,2022.0,6189.102053753307,2022.0,72.319,2022.0,17.5,2022.0,7.73537827,2022.0,3.39619994163513,2022.0,44.6,2022.0,1.1841051146785193,2022.0,6.755,2022.0
PSE,West Bank and Gaza,Middle East & North Africa,Lower middle income,5043612.0,2022.0,3799.9552701516295,2022.0,76.662,2022.0,14.1,2022.0,9.70613861,2022.0,5.43442010879517,2021.0,,,,,24.42,2022.0
PYF,French Polynesia,East Asia & Pacific,High income,280378.0,2022.0,20053.95693693217,2022.0,83.859,2022.0,,,,,,,,,3.3019709106991275,2022.0,11.793,2022.0
QAT,Qatar,Middle East & North Africa,High income,2657333.0,2022.0,88701.46335227301,2022.0,81.857,2022.0,6.1,2022.0,2.18613315,2022.0,3.23368000984192,2020.0,35.1,2017.0,45.19595398845384,2022.0,0.13,2022.0
ROU,Romania,Europe & Central Asia,High income,19048502.0,2022.0,15503.469136624186,2022.0,75.15365853658537,2022.0,6.6,2022.0,5.79823256,2022.0,3.2788200378418,2022.0,32.3,2022.0,3.972779591802022,2022.0,5.614,2022.0
RUS,Russian Federation,Europe & Central Asia,High income,144236933.0,2022.0,15625.6328125,2022.0,72.54560975609758,2022.0,5.4,2022.0,6.8788662,2022.0,4.05402755323777,2022.0,33.9,2022.0,13.141383836829087,2022.0,3.867,2022.0
RWA,Rwanda,Sub-Saharan Africa,Low income,13651030.0,2022.0,1007.059893229136,2022.0,67.528,2022.0,39.7,2022.0,5.92842579,2022.0,4.74213981628418,2022.0,,,0.1612479058356768,2022.0,15.084,2022.0
SAU,Saudi Arabia,Middle East & North Africa,High income,32175224.0,2022.0,38510.22762110374,2022.0,77.31,2022.0,6.4,2022.0,5.31400585,2022.0,,,,,19.282874301046046,2022.0,5.589,2022.0
SDN,Sudan,Sub-Saharan Africa,Low income,49383346.0,2022.0,1046.24084472656,2022.0,65.695,2022.0,51.0,2022.0,3.79416442,2022.0,,,,,0.4342233108303354,2022.0,7.53,2022.0
SEN,Senegal,Sub-Saharan Africa,Lower middle income,17651103.0,2022.0,1574.0281059305996,2022.0,67.788,2022.0,40.1,2022.0,4.0444808,2022.0,5.95222997665405,2022.0,36.2,2021.0,0.8239598397901818,2022.0,2.837,2022.0
SGP,Singapore,East Asia & Pacific,High income,5637022.0,2022.0,91227.69704264923,2022.0,82.89512195121952,2022.0,2.5,2022.0,4.33121586,2022.0,2.47478008270264,2022.0,,,9.995827584139285,2022.0,3.591,2022.0
SLB,Solomon Islands,East Asia & Pacific,Lower middle income,781066.0,2022.0,1877.781044909556,2022.0,70.409,2022.0,21.3,2022.0,4.82418394,2022.0,8.48737829731105,2022.0,,,0.3828101594487533,2022.0,1.475,2022.0
SLE,Sierra Leone,Sub-Saharan Africa,Low income,8276807.0,2022.0,860.371067874555,2022.0,61.275,2022.0,97.1,2022.0,4.80377436,2022.0,4.90762996673584,2022.0,35.7,2018.0,0.1772180987185034,2022.0,3.137,2022.0
SLV,El Salvador,Latin America & Caribbean,Upper middle income,6280319.0,2022.0,5074.60050994225,2022.0,71.969,2022.0,10.8,2022.0,9.82036304,2022.0,3.26848006248474,2022.0,38.8,2022.0,1.3479888521586243,2022.0,2.999,2022.0
SMR,San Marino,Europe & Central Asia,High income,33755.0,2022.0,54264.58370229075,2022.0,85.708,2022.0,1.4,2022.0,7.22336292,2022.0,2.89753007888794,2022.0,,,,,,
SOM,"Somalia, Fed. Rep.",Sub-Saharan Africa,Low income,17801897.0,2022.0,573.1411657982293,2022.0,53.931,2022.0,143.1,2022.0,2.8469162,2022.0,7.21674775437e-06,2022.0,,,0.0467871485830976,2022.0,19.112,2022.0
SRB,Serbia,Europe & Central Asia,Upper middle income,6664449.0,2022.0,10024.819111259634,2022.0,75.23658536585367,2022.0,5.4,2022.0,8.58397198,2022.0,3.08255004882812,2022.0,32.8,2022.0,,,8.439,2022.0
SSD,South Sudan,Sub-Saharan Africa,Low income,11021177.0,2022.0,,,57.203,2022.0,96.7,2022.0,6.57254314,2022.0,,,,,,,12.475,2022.0
STP,São Tomé and Principe,Sub-Saharan Africa,Lower middle income,226305.0,2022.0,2389.7372978473672,2022.0,69.237,2022.0,14.7,2022.0,5.7744813,2022.0,5.19392101712613,2022.0,40.7,2017.0,0.6239367225646805,2022.0,8.964,2022.0
SUR,Suriname,Latin America & Caribbean,Upper middle income,623164.0,2022.0,6084.438767364452,2022.0,73.254,2022.0,16.8,2022.0,5.93297768,2022.0,3.43460841988051,2022.0,39.2,2022.0,4.593975261728854,2022.0,7.973,2022.0
SVK,Slovak Republic,Europe & Central Asia,High income,5431752.0,2022.0,21317.794398236263,2022.0,76.96585365853659,2022.0,6.1,2022.0,7.70245218,2022.0,4.65688991546631,2022.0,24.1,2022.0,6.110128002898512,2022.0,6.143,2022.0
SVN,Slovenia,Europe & Central Asia,High income,2112076.0,2022.0,28360.30414672681,2022.0,81.28292682926829,2022.0,2.3,2022.0,9.62683296,2022.0,5.28065013885498,2022.0,24.3,2022.0,6.339402559377598,2022.0,4.011,2022.0
SWE,Sweden,Europe & Central Asia,High income,10486941.0,2022.0,54836.89072351236,2022.0,83.05853658536587,2022.0,2.5,2022.0,10.85505676,2022.0,7.31909990310669,2022.0,31.6,2022.0,3.5999630397462905,2022.0,7.417,2022.0
SWZ,Eswatini,Sub-Saharan Africa,Lower middle income,1218917.0,2022.0,3894.162008986901,2022.0,63.028,2022.0,47.3,2022.0,7.2449131,2022.0,5.57274175738511,2022.0,,,0.8831610355750228,2022.0,36.472,2022.0
SXM,Sint Maarten (Dutch part),Latin America & Caribbean,High income,42139.0,2022.0,37793.12838158258,2022.0,76.18,2022.0,,,,,4.27420508508285,2022.0,,,,,,
SYC,Seychelles,Sub-Saharan Africa,High income,119878.0,2022.0,16682.699071178497,2022.0,74.50975609756098,2022.0,14.5,2022.0,4.39909697,2022.0,3.65858904774836,2022.0,32.1,2018.0,7.027144263334391,2022.0,,
SYR,Syrian Arab Republic,Middle East & North Africa,Low income,22462173.0,2022.0,1056.7826471819706,2022.0,72.79,2022.0,20.7,2022.0,3.3840971,2022.0,,,26.4,2022.0,1.3874703930024936,2022.0,13.245,2022.0
TCA,Turks and Caicos Islands,Latin America & Caribbean,High income,45847.0,2022.0,31280.54180208084,2022.0,77.918,2022.0,5.0,2022.0,,,2.77640008926392,2022.0,,,4.809474992911205,2022.0,,
TCD,Chad,Sub-Saharan Africa,Low income,18455316.0,2022.0,966.0364682785676,2022.0,54.528,2022.0,103.9,2022.0,4.15823555,2022.0,2.6016118897064,2022.0,37.4,2022.0,0.1552398235825385,2022.0,1.081,2022.0
TGO,Togo,Sub-Saharan Africa,Lower middle income,8068616.0,2022.0,1071.6153922075853,2022.0,62.292,2022.0,60.0,2022.0,6.24094057,2022.0,3.77811083266775,2022.0,37.9,2021.0,0.3227815030483543,2022.0,1.965,2022.0
THA,Thailand,East Asia & Pacific,Upper middle income,71735329.0,2022.0,6910.009952112061,2022.0,75.291,2022.0,9.5,2022.0,5.35471153,2022.0,2.61187022798634,2022.0,34.3,2022.0,3.963374866518003,2022.0,0.94,2022.0
TJK,Tajikistan,Europe & Central Asia,Lower middle income,10182222.0,2022.0,1052.1794948489417,2022.0,71.562,2022.0,29.4,2022.0,7.62917423,2022.0,5.39829770599001,2022.0,39.5,2022.0,0.9389502605619874,2022.0,7.051,2022.0
TKM,Turkmenistan,Europe & Central Asia,Upper middle income,7230193.0,2022.0,5198.189474095513,2022.0,69.913,2022.0,41.1,2022.0,5.37103748,2022.0,3.58004999160767,2022.0,,,14.005338446705366,2022.0,4.017,2022.0
TLS,Timor-Leste,East Asia & Pacific,Lower middle income,1369295.0,2022.0,2343.249555428158,2022.0,67.368,2022.0,50.7,2022.0,7.46371841,2022.0,2.97389404101318,2021.0,,,0.5072683388166903,2022.0,1.537,2022.0
TON,Tonga,East Asia & Pacific,Upper middle income,105042.0,2022.0,5298.019424542984,2022.0,72.635,2022.0,10.1,2022.0,7.95276737,2022.0,5.31016278046634,2022.0,27.1,2021.0,1.5365282458445193,2022.0,2.002,2022.0
TTO,Trinidad and Tobago,Latin America & Caribbean,High income,1365805.0,2022.0,20750.520243465224,2022.0,73.331,2022.0,19.9,2022.0,6.64416027,2022.0,2.81801009178162,2022.0,,,20.866009423014265,2022.0,4.383,2022.0
TUN,Tunisia,Middle East & North Africa,Lower middle income,12119334.0,2022.0,3707.292834143812,2022.0,76.05,2022.0,13.9,2022.0,7.51270723,2022.0,6.8049896073928,2022.0,33.7,2021.0,2.504989135541606,2022.0,15.3,2022.0
TUR,Türkiye,Europe & Central Asia,Upper middle income,84979913.0,2022.0,10897.83978613649,2022.0,77.591,2022.0,10.2,2022.0,3.70338893,2022.0,3.09571003913879,2022.0,44.5,2022.0,5.229561720073777,2022.0,10.465,2022.0
TUV,Tuvalu,East Asia & Pacific,Upper middle income,9992.0,2022.0,5414.746429124121,2022.0,66.852,2022.0,20.5,2022.0,21.28792,2022.0,13.7621912480198,2022.0,,,0.0,2022.0,,
TZA,Tanzania,Sub-Saharan Africa,Lower middle income,64711821.0,2022.0,1207.52062988281,2022.0,66.879,2022.0,40.1,2022.0,3.13497496,2022.0,3.2382450375764,2022.0,40.5,2018.0,0.3231619768511846,2022.0,1.573,2022.0
UGA,Uganda,Sub-Saharan Africa,Low income,47312719.0,2022.0,963.0673141171784,2022.0,67.675,2022.0,50.0,2022.0,4.45071125,2022.0,2.56105027176925,2022.0,42.7,2019.0,0.1681175837727694,2022.0,2.885,2022.0
UKR,Ukraine,Europe & Central Asia,Upper middle income,41048766.0,2022.0,4199.6708984375,2022.0,72.658,2022.0,8.5,2022.0,8.2027483,2021.0,5.14010000228882,2021.0,25.6,2020.0,2.9073955597106136,2022.0,9.834,2021.0
URY,Uruguay,Latin America & Caribbean,High income,3390913.0,2022.0,21009.28837987253,2022.0,76.468,2022.0,7.3,2022.0,8.89015961,2022.0,4.4795298576355,2022.0,40.6,2022.0,2.3866728518248626,2022.0,7.877,2022.0
USA,United States,North America,High income,333996304.0,2022.0,78008.6895811877,2022.0,77.43414634146343,2022.0,6.5,2022.0,16.52875137,2022.0,5.42038011550903,2021.0,41.7,2022.0,14.418622129423325,2022.0,3.65,2022.0
UZB,Uzbekistan,Europe & Central Asia,Lower middle income,34938955.0,2022.0,2698.6026295336947,2022.0,72.147,2022.0,14.1,2022.0,6.61703825,2022.0,5.23477171022152,2022.0,31.2,2022.0,3.68952648984493,2022.0,4.456,2022.0
VCT,St. Vincent and the Grenadines,Latin America & Caribbean,Upper middle income,102046.0,2022.0,9693.558678330251,2022.0,71.191,2022.0,12.3,2022.0,4.6054697,2022.0,7.07575034584772,2022.0,,,1.24551672775023,2022.0,19.277,2022.0
VEN,"Venezuela, República Bolivariana de",Latin America & Caribbean,Lower middle income,28213017.0,2022.0,3155.041909235837,2022.0,72.566,2022.0,24.2,2022.0,4.55045986,2022.0,,,,,3.261047905652912,2022.0,5.646,2022.0
VGB,British Virgin Islands,Latin America & Caribbean,High income,38319.0,2022.0,,,77.177,2022.0,13.1,2022.0,,,2.48401807300907,2022.0,,,2.30694955505102,2022.0,,
VIR,Virgin Islands (US),Latin America & Caribbean,High income,105413.0,2022.0,44320.90918577405,2022.0,80.31951219512196,2022.0,,,,,,,,,0.0018972991945964,2022.0,12.092,2022.0
VNM,Viet Nam,East Asia & Pacific,Upper middle income,99680655.0,2022.0,4147.69777213621,2022.0,74.502,2022.0,18.4,2022.0,4.53809595,2022.0,2.88738689372749,2022.0,36.1,2022.0,3.4510196587291686,2022.0,1.57,2022.0
VUT,Vanuatu,East Asia & Pacific,Lower middle income,313046.0,2022.0,3679.53524327491,2022.0,71.302,2022.0,17.8,2022.0,4.05895281,2022.0,10.7033456499063,2022.0,32.3,2019.0,0.8653680289797665,2022.0,5.077,2022.0
WSM,Samoa,East Asia & Pacific,Upper middle income,215261.0,2022.0,4132.447177344436,2022.0,71.55,2022.0,15.8,2022.0,6.93412352,2022.0,6.15978780645853,2022.0,,,1.5441719586920064,2022.0,5.048,2022.0
XKX,Kosovo,Europe & Central Asia,Upper middle income,1768096.0,2022.0,5298.147387102696,2022.0,77.623,2022.0,9.5,2022.0,,,,,38.3,2022.0,,,,
YEM,"Yemen, Republic of",Middle East & North Africa,Low income,38222876.0,2022.0,633.8872024515454,2018.0,67.952,2022.0,41.1,2022.0,8.81763458,2022.0,,,,,0.2873697939422455,2022.0,17.224,2022.0
ZAF,South Africa,Sub-Saharan Africa,Upper middle income,62378410.0,2022.0,6534.248677833969,2022.0,65.454,2022.0,34.3,2022.0,8.74512291,2022.0,6.15599012374878,2022.0,54.1,2022.0,6.882639361920255,2022.0,33.268,2022.0
ZMB,Zambia,Sub-Saharan Africa,Lower middle income,20152938.0,2022.0,1447.1231013803465,2022.0,65.279,2022.0,49.5,2022.0,5.21042967,2022.0,3.65884092023983,2022.0,51.5,2022.0,0.5245488275704515,2022.0,5.993,2022.0
ZWE,Zimbabwe,Sub-Saharan Africa,Lower middle income,16069056.0,2022.0,2536.401970875053,2022.0,62.36,2022.0,64.0,2022.0,3.39519501,2022.0,,,50.3,2019.0,0.7192208428422927,2022.0,10.087,2022.0
